date,source.name,title,description,content,title_len,description_len
2026-06-24,The Times of India,Goyal heads to UK ahead of India-UK trade pact rollout,"India's Commerce Minister Piyush Goyal is set to visit the UK from June 25-27 to finalize crucial trade agreements, including the Comprehensive Economic and Trade Agreement (CETA) and the Double Contribution Convention (DCC), both slated to take effect on Jul…","New Delhi: Ahead of the entry into force of the India-UK Comprehensive Economic and Trade Agreement (CETA) and the companion Double Contribution Convention (DCC) on July 15, commerce and industry min… [+2537 chars]",54,260
2026-06-24,The Times of India,Piyush Goyal to visit London before India-UK CETA comes into force,"Commerce Minister Piyush Goyal's UK visit from June 25-27 aims to finalize preparations for the India-UK CETA and DCC, set to launch July 15. Discussions with UK officials will focus on operationalizing these agreements, boosting market access for Indian expo…",Commerce and Industry Minister Piyush Goyal will visit the United Kingdom from June 25-27 to review preparations for the implementation of the India-UK Comprehensive Economic and Trade Agreement (CET… [+3115 chars],66,260
2026-06-24,Www.gov.uk,Government has secured £100 billion of clean energy investment,Energy Secretary announces that government has secured £100 billion of private clean energy investment.,"<ul><li>Over £100 billion private investment announced into clean energy this parliament, following recent investment from Japan and Sweden</li><li>It comes one year after the government launched its… [+8961 chars]",62,103
2026-06-24,ComputerWeekly.com,Pegasystems CEO and founder Alan Trefler on AI agent ‘madness’,Pegasystems boss criticises big software suppliers for pushing enterprises to deploy unpredictable AI agents,"Mainstream software suppliers are pursuing a philosophy of madness by persuading enterprises to deploy thousands of artificial intelligence (AI) agents, says Alan Trefler, the CEO and founder of Pega… [+8135 chars]",62,108
2026-06-24,GlobeNewswire,KDOA Announced the availability of its SR 26-2 Readiness Assessment and updated Model IQ governance framework,"With the 2011 standard now superseded, KDOA and its Model IQ platform help banking organizations map their model risk programs to the revised guidance, and govern the AI models the regulators deliberately left out of scope. With the 2011 standard now supersed…","San Francisco, CA, June 24, 2026 (GLOBE NEWSWIRE) -- Kevin D. Oden &amp; Associates (KDOA), a model risk management and quantitative advisory firm, today shared its perspective on SR 26-2, the revise… [+4836 chars]",109,260
2026-06-24,ComputerWeekly.com,Overwhelming support for Microsoft SMS designation in CMA responses,"Some 25 organisations back Strategic Market Status for Microsoft’s business software ecosystem, while the Open Cloud Coalition estimates £60m in annual public sector costs","Most organisations that submitted comments to the Competition and Markets Authority (CMA) including Google, the Lloyds Market Association, Amnesty International and the Startup Coalition have called … [+4866 chars]",67,171
2026-06-24,ComputerWeekly.com,"The £1,100 lock-in: CMA Microsoft probe exposes software ecosystem at a crossroads","A parish council, a £60m public sector bill, and the AI question that could define UK digital competition for a generation in responses to the CMA’s Strategic Market Status investigation","Killinghall Parish Council nine councillors, one clerk, 10 users pays £1,100 a year for a Microsoft ecosystem it never planned to buy. The council wanted Microsoft Teams. It discovered that full func… [+17428 chars]",82,186
2026-06-23,Biztoc.com,Iran says it will ‘administer’ Strait of Hormuz,"Iran will “administer” the Strait of Hormuz, Tehran’s chief negotiator said, in what would be a major diplomatic victory.
Iran’s wins seem to be stacking up: It plans to make vessels traversing the waterway buy insurance, Lloyd’s List reported, something the …","Iran will administer the Strait of Hormuz, Tehrans chief negotiator said, in what would be a major diplomatic victory.Irans wins seem to be stacking up: It plans to make vessels traversing the waterw… [+139 chars]",47,260
2026-06-23,Retailbankerinternational.com,Lloyds to hire around 300 for agentic AI roles,"The UK-based lender expects to create more than 1,000 roles in 2026 as part of a broader expansion of its AI work.","Lloyds Banking Group has revealed plans to fill close to 300 roles linked to agentic AI, drawing candidates from both inside and outside the organisation.
The planned hires include data and AI scien… [+1959 chars]",46,114
2026-06-23,Naftemporiki.gr,METAVASEA programme enters third phase; preparing for green transition,"The METAVASEA programme, implemented by HELMEPA and aimed at supporting shipping’s transition towards decarbonisation and sustainability in the Eastern Mediterranean, is entering the third phase.
The new phase focuses on…
METAVASEA programme enters third phas…","The METAVASEA programme, implemented by HELMEPA and aimed at supporting shipping’s transition towards decarbonisation and sustainability in the Eastern Mediterranean, is entering the third phase.
Th… [+1174 chars]",70,260
2026-06-23,CNN,"150,000 square feet of barnacles and sea gunk: The latest problem in the Strait of Hormuz | CNN Business","“Four months?” said Derek Hamm of Obsessive Compulsive Divers in Marathon, Florida. “Man. That’s plenty of time for a lot of gross stuff to accumulate.”","Summary
<ul><li>Hundreds of oil tankers stuck in the Strait of Hormuz for months have accumulated thick layers of barnacles and marine life.</li><li>Diving teams are now charging upwards of five fig… [+5126 chars]",104,152
2026-06-23,Www.gov.uk,National Housing Bank appoints four industry leaders to executive team,Quartet of highly experienced leaders join bank on a mission to accelerate housing delivery though purpose-led finance,"Four senior leaders with extensive investment and real estate expertise are to join the National Housing Bank, a Homes England company. 
They have been appointed to executive roles at the newly laun… [+10553 chars]",70,118
2026-06-23,The Times of India,Madhusudan Kela-backed firm picks stake in SME stock Yash Highvoltage via preferential issue,"Yash Highvoltage shares surged after ace investor Madhusudan Kela's firm bought nearly 14,000 shares. The company's board approved a preferential issue of up to Rs 151 crore to fund expansion, including enhancing its Resin-Impregnated Paper bushing manufactur…",Shares of Yash Highvoltage rallied as much as 12.4% to their days high of Rs 940 on the BSE on Tuesday after ace investor Madhusudan Kelas firm Anantroop Financial Advisory Services purchased nearly … [+3235 chars],92,260
2026-06-23,PRNewswire,Lloyds Energy Ltd Announces Strategic Evaluation of LNG and Regasification Opportunities Across Emerging Energy Markets,"DUBAI, UAE, June 23, 2026 /PRNewswire/ -- Lloyds Energy Ltd today announced that it is actively evaluating a range of Liquefied Natural Gas (LNG), Floating Storage and Regasification Unit (FSRU), and downstream gas infrastructure opportunities in high-growth …","DUBAI, UAE, June 23, 2026 /PRNewswire/ -- Lloyds Energy Ltd today announced that it is actively evaluating a range of Liquefied Natural Gas (LNG), Floating Storage and Regasification Unit (FSRU), and… [+2701 chars]",119,260
2026-06-23,pymnts.com,Banks Replace Real Customers With AI Clones for Product Testing,Testing a new credit card or banking product once required months of regulatory vetting and customer recruitment. Now banks build the customer instead. Financial institutions are replacing live customers with artificial intelligence-generated stand-ins — synt…,Testing a new credit card or banking product once required months of regulatory vetting and customer recruitment. Now banks build the customer instead.Financial institutions are replacing live custom… [+3099 chars],63,260
2026-06-22,Breitbart News,Tankers Continue Moving Through Strait of Hormuz Despite Iranian Threats,"Although Iran proclaimed the Strait of Hormuz was once again closed on Saturday, tankers continued to move through the vital waterway, including Very Large Crude Carriers (VLCCs) and liquid natural gas (LNG) tankers.
The post Tankers Continue Moving Through S…","Although Iran proclaimed the Strait of Hormuz was once again closed on Saturday, tankers continued to move through the vital waterway, including Very Large Crude Carriers (VLCCs) and liquid natural g… [+4338 chars]",72,260
2026-06-22,OilPrice.com,The Hormuz Threat Oil Markets Are Ignoring,"Threats from President Trump to bomb Iran again and Iranian negotiators leaving the talks in Switzerland once again clouded the outlook for one of the world’s busiest oil chokepoints. Talks are progressing, but the degree of uncertainty about global oil suppl…","Shipping companies remain cautious about…
Oil and gas flows through…
Demand destruction is capping oil…
By Irina Slav - Jun 22, 2026, 4:00 PM CDTThreats from President Trump to bomb Iran again and… [+5102 chars]",42,260
2026-06-22,Digital Journal,Your plan for the next system outage may be built on wishful thinking,"Curtis Simpson of Gambit Security says recovery time has become the test many tech leaders still can’t measure
The post Your plan for the next system outage may be built on wishful thinking appeared first on Digital Journal.","Canadian CIOs have spent a decade building programs to stop data breaches. They got good at it. Now the call that can define a career is a different one entirely.
The systems are down.
Six hours in… [+8177 chars]",69,224
2026-06-22,Livemint,"'AI is a tool, not an authority': Relying on AI for financial advice? Key risks investors should know","AI for financial advice is gaining traction, particularly among young adults. However, experts warn that AI can overlook real-world situations, leading to impractical recommendations.","The use of AI for financial guidance has risen sharply in recent years. In the United Kingdom, around 28 million adults used artificial intelligence tools for personal finance advice last year, accor… [+3717 chars]",101,183
2026-06-22,Livemint,Axis Bank hires McKinsey veteran as AI officer to drive enterprise-wide push,Namrata Dubashi joins as AI chief to lead a 50-member team and integrate the technology across the bank’s operations.,"Axis Bank, Indias third-largest private lender, has hired Namrata Dubashi, a senior executive at McKinsey &amp; Co, as its artificial intelligence (AI) officer to spearhead its AI initiatives. The ap… [+4411 chars]",76,117
2026-06-22,ComputerWeekly.com,"Lloyds Bank staff have taken 400,000 AI courses since January",UK bank staff have already taken artificial intelligence-related training courses as part of AI Academy,"Lloyds Banking Group staff are bolstering their artificial intelligence (AI) skills while the bank is adding 300 roles that will focus on agentic AI.
In January, the bank announced plans train all 6… [+3285 chars]",61,103
2026-06-22,ComputerWeekly.com,Santander extends staff access to AI as first quarter delivers €35m value,Spanish bank expects artificial intelligence use to add €200m in value this year through cost savings and extra revenues,"Santander is extending access to artificial intelligence (AI) tools to all of its staff across the globe following the generation of 35m in business value in the first three months of the year.
The … [+2886 chars]",73,120
2026-06-22,gcaptain.com,Hormuz Transit Security Is ‘Hour to Hour’,"By Yash Roy Jun 21, 2026 (Bloomberg) –US efforts to open shipping channels in the Strait of Hormuz will allow a gradual increase in vessel transit, though security remains volatile, Chubb...","By Yash Roy
Jun 21, 2026 (Bloomberg) –US efforts to open shipping channels in the Strait of Hormuz will allow a gradual increase in vessel transit, though security remains volatile, Chubb Ltd. Chief… [+1979 chars]",41,190
2026-06-22,OilPrice.com,The AI Arms Race Isn’t About Technology – It’s About Electricity,"Two and a half years ago, NVIDIA was a $300 billion gaming chip company. Today it's the most valuable company in history at over $4 trillion. Investors who saw what was coming and got positioned early made generational money. A $10,000 stake in NVIDIA at the …","Global energy-efficiency gains have stalled…
Lloyds of London and Chubb…
China is pioneering underwater and…
Set us as your preferred Google source
By Josh Owens - Jun 21, 2026, 7:00 PM CDTTwo an… [+18257 chars]",64,260
2026-06-21,BBC News,How many banks have closed in your area? See our chart,"When 84-year-old Maggie Dodd discovered that the last remaining bank in Lochgilphead was closing, she began to panic.","But Anna Dudziak, the sub-postmaster in Lochgilphead, says she can't offer as many transactions as a bank.
""The problem is they're telling people to go to the post office, saying 'they can do it for… [+1130 chars]",54,117
2026-06-21,Arizona Desert Swarm,Top 5 Arizona coaching performances from 2025-26 season,"The 2025-26 athletic calendar year has wrapped with many programs finding success in the post season. Several coaches led their respective programs to postseason appearances and improved seasons. As a result, a majority of the coaches have earned and signed c…","The 2025-26 athletic calendar year has wrapped with many programs finding success in the post season. Several coaches led their respective programs to postseason appearances and improved seasons.
As… [+8080 chars]",55,260
2026-06-21,The Times of India,Indian captain of sanctioned Russian oil tanker arrested in UK; Family seeks government intervention,"An Indian captain, Ajay Pant, has been arrested in the UK and charged with breaching sanctions after his Russian oil tanker was intercepted in the English Channel. Pant's family in Uttarakhand has appealed to the Indian government for his release. The vessel,…",An Indian captain of a 'sanctioned' Russian shadow- fleet oil tanker has been arrested in the UK and appeared in court charged with breaching sanctions. The tanker was intercepted by British armed fo… [+3374 chars],100,260
2026-06-20,OilPrice.com,China Is Taking Its AI Boom Under the Sea,"The data centre industry has taken off in the last few years, as tech companies look to develop the massive computing power needed to run complex operations, such as artificial intelligence. Thousands of data centres are being developed on land, but now, some…","Decades after electricity deregulation and…
A reopening of the Strait…
Growing concerns over energy use,…
Set us as your preferred Google source
By Felicity Bradstock - Jun 20, 2026, 2:00 PM CDTT… [+5561 chars]",41,260
2026-06-20,CNN,The Strait of Hormuz is closed again. Few ships were leaving the waterway in the first place | CNN Business,An initial wave of ships exiting the Strait of Hormuz after it officially reopened on Thursday seems to have slowed down.,"Summary
<ul><li>After the Strait of Hormuz had reopened, only 25 ships exited Thursday and traffic quickly slowed again.</li><li>Nearly 500 ships and 20,000 crew members have been stuck in the Persi… [+4444 chars]",107,121
2026-06-20,Startupfortune.com,Big Tech is borrowing like never before,"Article URL: https://startupfortune.com/big-tech-is-borrowing-like-never-before-and-the-fed-just-made-that-a-lot-more-expensive/
Comments URL: https://news.ycombinator.com/item?id=48609233
Points: 7
# Comments: 1","Big Techs AI buildout is moving from cash-flow story to bond-market story, and Kevin Warshs first Fed meeting just made that shift harder to ignore.
Nvidia doesnt need the money. That is what makes … [+5350 chars]",39,212
2026-06-20,Biztoc.com,Lloyds Banking Group to hire 300 tech experts to work on AI,"While recruits will increase headcount for now, broader adoption of AI could lead to jobs cuts in future
Lloyds Banking Group has launched an AI recruitment drive for 300 tech experts, weeks before its chief executive, Charlie Nunn, unveils a strategic plan f…","While recruits will increase headcount for now, broader adoption of AI could lead to jobs cuts in futureLloyds Banking Group has launched an AI recruitment drive for 300 tech experts, weeks before it… [+139 chars]",59,260
2026-06-20,Crypto Briefing,Lloyds Banking Group to hire 300 tech experts for AI initiatives,"Lloyds' AI and blockchain initiatives could reshape traditional finance, challenging fintech and DeFi sectors with its vast resources and reach.
The post Lloyds Banking Group to hire 300 tech experts for AI initiatives appeared first on Crypto Briefing.",Britain's largest retail bank is betting big on artificial intelligence while quietly building blockchain capabilities that could reshape UK financial services Lloyds Banking Group is bringing on 300… [+1823 chars],64,253
2026-06-20,Ritholtz.com,10 Weekend Reads,"The weekend is here! Pour yourself a mug of Danish Blend coffee, grab a seat outside, and get ready for our longer-form weekend reads: • Calvin and Hobbes and the Price of Integrity: How Bill Watterson Stuck to His Guns — and Vanished: Watterson’s way of spea…","The weekend is here! Pour yourself a mug of Danish Blend coffee, grab a seat outside, and get ready for our longer-form weekend reads:Calvin and Hobbes and the Price of Integrity: How Bill Watterson … [+5366 chars]",16,260
2026-06-19,Lloydslist.com,"Iran requires insurance on ships using Strait of Hormuz, fees likely to follow","Iran has asserted its control over the Strait of Hormuz, insisting that vessels comply with new terms and conditions to transit, including mandatory Iranian insurance for all vessels","IRAN has introduced mandatory insurance for all vessels transiting the Strait of Hormuz, requiring shipowners to obtain coverage approved and initially provided free by Tehrans newly created Persian … [+3155 chars]",78,182
2026-06-19,Biztoc.com,Launches “Lloyds Rewards” In-App Hub to Replace Everyday Offers,"Lloyds Banking Group (NYSE:LYG) is one of the top value stocks to buy under $10. On June 9, Lloyds launched a new in-app hub called “Lloyds Rewards,” replacing its previous “Everyday Offers” to provide customers with an integrated space for savings, cashback,…","Lloyds Banking Group (NYSE:LYG) is one of the top value stocks to buy under $10. On June 9, Lloyds launched a new in-app hub called Lloyds Rewards, replacing its previous Everyday Offers to provide c… [+147 chars]",63,260
2026-06-19,Yahoo Entertainment,Lloyds (LYG) Launches “Lloyds Rewards” In-App Hub to Replace Everyday Offers,"​Lloyds Banking Group (NYSE:LYG) is one of the top value stocks to buy under $10. On June 9, Lloyds launched a new in-app hub called “Lloyds Rewards,” replac...","Lloyds Banking Group (NYSE:LYG) is one of the top value stocks to buy under $10. On June 9, Lloyds launched a new in-app hub called ""Lloyds Rewards,"" replacing its previous ""Everyday Offers"" to provi… [+1955 chars]",76,160
2026-06-19,OilPrice.com,Insurers Roll Out $400 Million War-Risk Facility for Hormuz Shipping,The world’s largest insurance marketplace is set to break the Strait of Hormuz logjam with a new $400m (£316m) war-risk facility. Lloyd’s of London has launched a new market consortium designed to provide additional marine war risk insurance capacity for vess…,"already seen $3 billion in…
The reopening of the Strait…
The case against electric trucks…
Set us as your preferred Google source
By City A.M - Jun 19, 2026, 11:00 AM CDTThe worlds largest insura… [+2803 chars]",68,260
2026-06-19,NBC4 Washington,The Minions keep a blockbuster machine humming,Illumination has become one of Hollywood’s most consistent blockbuster-making operations.,"When Illumination founder and chief executive Chris Meledandri earlier this month received a star on the Hollywood Walk of Fame, he wondered how many visitors it will have.
In years to come, as peop… [+7775 chars]",46,89
2026-06-19,Dailymail.com,End of the road for 'Gazumping'? Starmer unveils radical overhaul of housing market as he tries to show he's still in charge of Government,Sellers could be prevented from ditching buyers when they receive a better offer under an overhaul of the housing market.,"Keir Starmer has declared war on so-called 'Gazumping' as he desperately tries to show he is still in charge of the Government.
Sellers could be prevented from ditching buyers when they receive a be… [+7093 chars]",138,121
2026-06-19,RTE,Warm weather and promotions boost UK retail sales in May,"British retail sales rose more than expected in May, boosted by good weather and promotions from retailers, despite concerns about the war in Iran pushing up the cost of living, official data showed today.","British retail sales rose more than expected in May, boosted by good weather and promotions from retailers, despite concerns about the war in Iran pushing up the cost of living, official data showed … [+1848 chars]",56,205
2026-06-19,Abcnews.com,The Minions and their 'big boss' Chris Meledandri keep a blockbuster machine humming,"At a time of perpetual upheaval in Hollywood, the Paris-based animation studio Illumination has become one of Hollywood’s most consistent blockbuster-making operations","NEW YORK -- When Illumination founder and chief executive Chris Meledandri earlier this month received a star on the Hollywood Walk of Fame, he wondered how many visitors it will have.
In years to c… [+7431 chars]",84,167
2026-06-19,Etvbharat.com,US Gas Prices Dip Below $4 For 1st Time Since March But Remain 25% Higher Than Last Year,Prices fell overnight Wednesday into Thursday after President Donald Trump signed the tentative agreement with Iran.,"New York: The average U.S. price for a gallon of gas fell below $4 on Thursday, hitting a level not seen since the first full month of the war with Iran and providing a bit of relief to consumers squ… [+5217 chars]",88,116
2026-06-19,Abcnews.com,Vance delays trip to Switzerland to lead new US talks with Iran on its nuclear program,The White House says Vice President JD Vance is delaying a trip to Switzerland to lead a new round of negotiations with Iran over its nuclear program — raising questions about what’s next for the tentative agreement to end the war,WASHINGTON -- The White House said Thursday night that Vice President JD Vance was delaying a trip to Switzerland to lead a new round of negotiations with Iran over its nuclear program raising questi… [+6913 chars],86,230
2026-06-19,Abcnews.com,Vance delays trip to Switzerland to lead new US talks with Iran on its nuclear program,The White House says Vice President JD Vance is delaying a trip to Switzerland to lead a new round of negotiations with Iran over its nuclear program — raising questions about what’s next for the tentative agreement to end the war,WASHINGTON -- The White House said Thursday night that Vice President JD Vance was delaying a trip to Switzerland to lead a new round of negotiations with Iran over its nuclear program raising questi… [+6913 chars],86,230
2026-06-18,Www.gov.uk,"Homebuying shake-up to slash delays, cut costs and stop sales falling through",New rules introduced to simplify homebuying and selling making the process easier and simpler,"<ul><li>Families and first-time buyers set to save time, money, and stress under major changes to the homebuying process supporting the next generation and those locked out by a slow and unfair syste… [+21453 chars]",77,93
2026-06-18,Crooksandliars.com,CNBC: Strait Of Hormuz Reopening Will Probably Take Weeks,"It will take weeks to clear the backlog of ships in the Strait of Hormuz, industry executives and shipping experts have warned CNBC, as the critical waterway is set to reopen.
Oil prices initially dipped below $80 per barrel on news that the U.S. and Iran had…","It will take weeks to clear the backlog of ships in the Strait of Hormuz, industry executives and shipping experts have warned CNBC, as the critical waterway is set to reopen.
Oil prices initially d… [+1292 chars]",57,260
2026-06-18,Protothema.gr,Congestion in the Strait of Hormuz as US–Iran agreement revives shipping – Oil exports resume (videos),"The first major oil shipments are passing through the Strait again as shipping activity restarts, though shipping and insurance market officials remain cautious despite the increased movement
The post Congestion in the Strait of Hormuz as US–Iran agreement re…","Signs of normalisation are now emerging in navigation through the Strait of Hormuz, as tanker traffic has increased significantly just hours after the signing of a preliminary agreement between the U… [+2666 chars]",102,260
2026-06-18,Associated Press,Vance says US allows more than dozen ships through to Iranian ports,Vice President JD Vance has issued a fiery warning against Israeli officials who criticize U.S. President Donald Trump over the deal he reached with Iran. The Republican vice president during a news briefing at the White House on Thursday lashed out at member…,"WASHINGTON (AP) Vice President JD Vance said Thursday that the U.S. Navy has allowed more than a dozen ships through to Iranian ports, lifting a blockade as part of an agreement to end the war.
Vanc… [+3691 chars]",67,260
2026-06-18,Www.gov.uk,Chief Secretary to the Prime Minister announces new candidate for the Commissioner for Public Appointments,Fiona Cannon OBE has been confirmed as the Prime Minister's preferred candidate for the role of Commissioner for Public Appointments,"The Chief Secretary to the Prime Minister Darren Jones has today confirmed Fiona Cannon OBE as the Prime Ministers preferred candidate for the role of Commissioner for Public Appointments.
Fiona bri… [+1439 chars]",106,132
2026-06-18,WJXT News4JAX,"US gas prices now average less than $4, but still 25% higher than last year","U.S. gas prices have fallen to just below $4 a gallon on average, bringing some relief to drivers who have seen soaring costs amid Washington’s war with Iran.","NEW YORK The average U.S. price for a gallon of gas fell below $4 on Thursday, hitting a level not seen since the first full month of the war with Iran and providing a bit of relief to consumers sque… [+5140 chars]",75,158
2026-06-18,The Times of India,"Madhu Kela to become investor in Lloyds Engineering as part of SISCOL acquisition, to receive nearly 73 lakh shares","Lloyds Engineering will acquire an 88.12% stake in Steel Infra Solutions Company (SISCOL) for about Rs 1,073 crore through cash and share swaps. The deal expands its engineering, EPC and infrastructure capabilities, adding manufacturing capacity, design centr…","Lloyds Engineering on Thursday announced the acquisition of an 88.12% stake in Steel Infra Solutions Company (SISCOL) in a deal valued at about Rs 1,073 crore, with boutique investment firm MK Ventur… [+2464 chars]",115,260
2026-06-18,Protothema.gr,"AI, decarbonisation and future skills take centre stage at Imperial College Alumni event during Posidonia 2026","Artificial intelligence, decarbonisation and future leadership skills dominated discussions that highlighted the role of innovation and education in shaping the next era of global shipping
The post AI, decarbonisation and future skills take centre stage at Im…",The challenges shaping the future of global shippingfrom decarbonisation and digital transformation to leadership development and workforce readinesswere the focus of the seminar Maritime Innovation … [+2745 chars],110,260
2026-06-18,Financial Post,First Saudi Supertankers Start Leaving Hormuz After Deal,"Three Saudi supertankers were among a growing list of vessels exiting the Strait of Hormuz in an early sign of rising flows after the US and Iran’s interim peace deal, although some trade groups warned that their members needed more clarity on mines and other…","(Bloomberg) Three Saudi supertankers were among a growing list of vessels exiting the Strait of Hormuz in an early sign of rising flows after the US and Irans interim peace deal, although some trade … [+5121 chars]",56,260
2026-06-18,Financial Post,Stranded oil starts streaming out of Hormuz as deal takes effect,A growing stream of stranded oil is making its way out of the Strait of Hormuz as Kuwait said it will start ramping up production. Read on,"Trade associations warned that their members needed more clarity on mines and other practicalities, a stance that was echoed privately by several shipowners.
Still, the emergence of three Saudi supe… [+3098 chars]",64,138
2026-06-18,ComputerWeekly.com,Emerging tech is top growth priority for UK finance firms,Increasing numbers of banks see emerging technology as a priority of growth with artificial intelligence top of the list,"While two-thirds (64%) of UK finance firms are planning to increase overall expenditure, 91% said they will spend more on tech, with emerging tech now topping growth priorities.
Emerging tech invest… [+3108 chars]",57,120
2026-06-18,Breitbart News,Iranian Oil Tankers Pass U.S. Blockade Line After Ceasefire Deal Announced,"Ship tracking services say at least three Iranian oil tankers, carrying about five million barrels of oil, have passed through the former U.S. blockade line since President Donald Trump announced his ceasefire deal with Tehran on Sunday.
The post Iranian Oil …","Ship tracking services say at least three Iranian oil tankers, carrying about five million barrels of oil, have passed through the former U.S. blockade line since President Donald Trump announced his… [+2731 chars]",74,260
2026-06-17,The Irish Times,European shares advance as investors await details of Iran deal and Fed policy outlook,"Iseq All-Share index closes at fresh all-time high, with banking stocks and home builders in demand","European shares advanced on Wednesday as investors awaited details of the US-Iran peace agreement and the Federal Reserves policy outlook, while auto stocks fell after BMW cut its annual forecast.
T… [+3657 chars]",86,99
2026-06-17,GlobeNewswire,Coverys Elects Insurance Executive Michael L. Boguski to Board of Directors,Coverys today announced the election of Michael L. Boguski to the Medical Professional Mutual Insurance Company(Coverys) Board of Directors....,"BOSTON, June 17, 2026 (GLOBE NEWSWIRE) -- Coverys, a leading provider of medical professional liability (MPL) insurance and healthcare risk management services, today announced the election of Michae… [+3374 chars]",75,143
2026-06-17,Dailymail.com,"Amazon delivery driver, 43, who earned up to £2.4million helping over 100 students cheat in exams is jailed","From his unassuming Liverpool home, part-time tutor Shahid Adnan, 43, completed university coursework and took online tests for over 100 students around the UK in return for payment.","A dishonest Amazon driver who secretly raked in up to £2.4million after setting up a nationwide exam cheating factory has today been jailed for three years.
From his unassuming Liverpool home, part-… [+6915 chars]",107,182
2026-06-17,Dailymail.com,"Amazon delivery driver, 43, who earned up to £2.4million helping over 100 students cheat in exams is jailed","From his unassuming Liverpool home, part-time tutor Shahid Adnan, 43, completed university coursework and took online tests for over 100 students around the UK in return for payment.","A dishonest Amazon driver who secretly raked in up to £2.4million after setting up a nationwide exam cheating factory has today been jailed for three years.
From his unassuming Liverpool home, part-… [+6915 chars]",107,182
2026-06-17,ComputerWeekly.com,HSBC pens artificial intelligence deal with Google Cloud,HSBC and Google Cloud agree a multi-year contract to support UK bank’s adoption of artificial intelligence,"HSBC plans to create more than 200 artificial intelligence (AI) use cases across its business and expects to make hundreds of millions of pounds in revenue and efficiency gains as a result.
The bank… [+3045 chars]",56,106
2026-06-17,Biztoc.com,LDC invests in accountancy practice Fortus to support growth,"Fortus, an accountancy and business advisory practice based in York in the UK, has received an investment from LDC, the private equity arm of Lloyds Banking Group, to support its “next phase of growth”.
Financial details of the investment were not disclosed.
…","Fortus, an accountancy and business advisory practice based in York in the UK, has received an investment from LDC, the private equity arm of Lloyds Banking Group, to support its next phase of growth… [+143 chars]",60,260
2026-06-17,The Irish Times,US property giants seeking €40 million for Cherrywood lands,"The site has the potential for a high-density scheme anchored by about 600 apartments and 30,000sq m of retail and leisure uses","A site with potential for up to 600 apartments, as well as retail and leisure opportunities, is coming to the market in the heart of Cherrywood, south Dublin, with a guide price of 40 million.
The m… [+3925 chars]",59,127
2026-06-16,Biztoc.com,Here's How Much $100 Invested In Lloyds Banking Group 5 Years Ago Would Be Worth Today,"Lloyds Banking Group (NYSE:LYG) has outperformed the market over the past 5 years by 4.34% on an annualized basis producing an average annual return of 16.6%. Currently, Lloyds Banking Group has a market capitalization of $80.64 billion.
Buying $100 In LYG: I…","Lloyds Banking Group (NYSE:LYG) has outperformed the market over the past 5 years by 4.34% on an annualized basis producing an average annual return of 16.6%. Currently, Lloyds Banking Group has a ma… [+146 chars]",86,260
2026-06-16,BusinessLine,"Sensex gains 544 pts, Nifty ends near 24,000 as softer crude lifts market for third day, metal stocks lag","Equity benchmarks extended their winning streak to a third consecutive session on Tuesday, supported by improving global risk sentiment after a preliminary US-Iran peace deal eased concerns over energy supply disruptions and pushed crude oil prices lower.","Equity benchmarks extended their winning streak to a third consecutive session on Tuesday, supported by improving global risk sentiment after a preliminary US-Iran peace deal eased concerns over ener… [+5089 chars]",105,255
2026-06-16,BusinessLine,"US-Iran peace deal likely to bring relief to shipping, trade","The agreement between the US and Iran to end months of conflict in the Gulf region could ease pressure on global supply chains, lower energy prices and provide a boost to India’s economy and exports, feel experts in shipping, logistics and trade.","The agreement between the US and Iran to end months of conflict in the Gulf region could ease pressure on global supply chains, lower energy prices and provide a boost to Indias economy and exports, … [+4371 chars]",60,246
2026-06-16,ComputerWeekly.com,US mortgage provider moves beyond ‘superficial AI integrations’,Pennymac Financial Services is using generative artificial intelligence tools from Amazon Web Services to bring borrowing up to date,"Pennymac Financial Services has chosen Amazon Web Services (AWS) generative artificial intelligence (GenAI) tools as part of its plan to change how mortgages are made.
The US mortgage lender is expa… [+3166 chars]",63,132
2026-06-16,Help Net Security,Planning a trip? Fake travel sites are multiplying this summer,"Cyberattacks against hospitality, travel, and recreation organizations rose 24% year over year, reaching an average of 2,291 incidents per organization each week in May 2026, according to Check Point. (Source: Check Point) “The sector has more than doubled it…","Cyberattacks against hospitality, travel, and recreation organizations rose 24% year over year, reaching an average of 2,291 incidents per organization each week in May 2026, according to Check Point… [+1554 chars]",62,260
2026-06-15,News24,News24 | Shipping still mostly halted in Hormuz Strait: trackers,"Shipping through the Strait of Hormuz remained virtually at a standstill on Monday, according to tracking platforms, despite US President Donald Trump’s claim that crossings were resuming under his deal to end the war with Iran.","<ul><li>Trump claimed shipping was resuming through the Strait of Hormuz, but tracking platforms showed virtually no movement on Monday.</li><li>Only one or two vessels crossed the strait on Monday, … [+1960 chars]",64,228
2026-06-15,Big Cat Country,#Jaguars 2026 breakout candidates,"﻿New roles, new faces, and a healthy superstar ready to unleash.","Were officially in the long, quiet stretch of the NFL offseason. The Jags 2026 draftees are now all under contract, OTAs are underway, and the daily news cycle is largely fueled by training camp hype… [+6944 chars]",33,64
2026-06-15,Al Jazeera English,The slow death of Goldsmiths is a warning to British universities,The crisis at the London university shows how marketisation has pushed UK higher education to the brink.,"Staff at Goldsmiths, University of London one of the United Kingdoms most celebrated universities for arts, humanities and social sciences are on strike again. This time, it is indefinite. They are r… [+9316 chars]",65,104
2026-06-15,Financial Post,"KKR-Backed Firm Raises $1.3 Billion in Debt for EVs, Batteries","Zenobe Energy Ltd., a company backed by KKR & Co., has raised £980 million ($1.3 billion) of new debt financing to go toward expanding the fleet of green vehicles in the UK and Ireland.","(Bloomberg) Zenobe Energy Ltd., a company backed by KKR &amp; Co., has raised £980 million ($1.3 billion) of new debt financing to go toward expanding the fleet of green vehicles in the UK and Irelan… [+4006 chars]",62,185
2026-06-15,Crypto Briefing,Banks race to appoint chief AI officers amid rapid changes,"The rapid rise of chief AI officers in banking highlights AI's transformative potential, yet suggests the role's eventual obsolescence as AI integrates.
The post Banks race to appoint chief AI officers amid rapid changes appeared first on Crypto Briefing.","Three out of four major organizations now have a chief AI officer. A year ago, that number was barely one in four. The banking sector is leading this hiring frenzy, but the people filling these roles… [+2204 chars]",58,255
2026-06-15,Insurance Journal,Wall Street Is Gaining Access to New Catastrophe Models to Help Predict Wars,"As Wall Street races to incorporate war into its risk scenarios, the same people modeling natural catastrophes are now adapting their methodology to help investors, banks and insurers predict military conflicts. Since 2008, the number of countries engaged in …","As Wall Street races to incorporate war into its risk scenarios, the same people modeling natural catastrophes are now adapting their methodology to help investors, banks and insurers predict militar… [+6110 chars]",76,260
2026-06-15,Livemint,"NMDC looks beyond iron ore, targets 20% revenue from new minerals by 2030","India’s largest iron ore producer aims to derive up to 30% of revenue from non-iron ore and overseas assets by 2030, backed by coal mining, global acquisitions and capacity expansion.","Diversification drive
NMDC's diversification efforts are already gathering pace.
The company has entered coal mining, with one mine operational and a second scheduled to begin operations this fisca… [+3932 chars]",73,183
2026-06-14,ComputerWeekly.com,UK Finance ‘shocked but not surprised’ by rise in fraud as tech firms ‘profit’ from it,"Two-thirds of authorised push payment scams begin on tech platforms, according to UK Finance annual report","UK Finance said it was shocked but not surprised at a 4% increase in the amount stolen by payment fraudsters, and called for more action by tech firms that are inadvertently profiting from fraud.The … [+4255 chars]",86,106
2026-06-14,Fortune,Wall Street is gaining access to new catastrophe models to help predict wars,"The same people modeling natural disasters are now adapting their methodology to help investors, banks and insurers predict military conflicts.","As Wall Street races to incorporate war into its risk scenarios, the same people modeling natural catastrophes are now adapting their methodology to help investors, banks and insurers predict militar… [+5989 chars]",76,143
2026-06-14,Bloomberg,Wall Street is gaining access to new catastrophe models to help predict wars,"Wall Street adopts new catastrophe models to forecast wars, reshaping financial predictions amid escalating geopolitical risks.","As Wall Street races to incorporate war into its risk scenarios, the same people modeling natural catastrophes are now adapting their methodology to help investors, banks and insurers predict militar… [+5880 chars]",76,127
2026-06-12,Acme Packing Company,What does a role for MarShawn Lloyd actually look like?,Lloyd has a clean bill of health (for now). What will he do on the field?,"MarShawn Lloyd has been little more than an idea for his two years in Green Bay.
A 2024 third round pick out of USC, Lloyd has seen the field for just one regular season game in the intervening two … [+3267 chars]",55,73
